Date,Children apprehended and placed in CBP custody,Children in CBP custody,Children transferred out of CBP custody,Children in HHS Care,Children discharged from HHS Care
2022-01-01,258,1782,274,8543,231
2022-01-02,277,1790,276,8567,252
2022-01-03,335,1809,306,8574,299
2022-01-04,325,1848,296,8598,272
2022-01-05,310,1878,284,8624,258
2022-01-06,296,1864,313,8646,291
2022-01-07,314,1879,299,8639,306
2022-01-08,289,1892,274,8664,249
2022-01-09,291,1937,253,8650,267
2022-01-10,369,1982,334,8686,298
2022-01-11,295,2000,285,8677,294
2022-01-12,343,2040,295,8710,262
2022-01-13,368,2093,317,8740,287
2022-01-14,374,2120,343,8775,308
2022-01-15,270,2128,272,8783,264
2022-01-16,307,2172,267,8815,235
2022-01-17,292,2161,313,8838,290
2022-01-18,333,2195,290,8801,327
2022-01-19,353,2216,332,8844,289
2022-01-20,360,2220,356,8917,283
2022-01-21,364,2233,361,8994,284
2022-01-22,310,2228,313,9037,270
2022-01-23,306,2266,276,9079,234
2022-01-24,376,2284,350,9125,304
2022-01-25,370,2325,323,9167,281
2022-01-26,339,2338,328,9184,311
2022-01-27,350,2367,319,9156,347
2022-01-28,367,2375,366,9213,309
2022-01-29,321,2401,295,9242,266
2022-01-30,340,2459,280,9257,265
2022-01-31,426,2521,370,9282,345
2022-02-01,361,2532,359,9302,339
2022-02-02,398,2547,378,9402,278
2022-02-03,382,2561,368,9455,315
2022-02-04,384,2582,364,9474,345
2022-02-05,305,2580,315,9525,264
2022-02-06,350,2621,314,9558,281
2022-02-07,341,2648,319,9558,319
2022-02-08,422,2707,369,9592,335
2022-02-09,391,2708,386,9632,346
2022-02-10,407,2759,366,9705,293
2022-02-11,454,2801,404,9779,330
2022-02-12,337,2757,378,9894,263
2022-02-13,355,2775,329,9961,262
2022-02-14,466,2846,387,10030,318
2022-02-15,426,2880,400,10091,339
2022-02-16,414,2907,392,10140,343
2022-02-17,418,2920,408,10196,352
2022-02-18,394,2907,398,10279,315
2022-02-19,308,2880,335,10323,291
2022-02-20,378,2927,327,10362,288
2022-02-21,470,2991,403,10410,355
2022-02-22,455,3020,433,10470,373
2022-02-23,471,3044,439,10559,350
2022-02-24,497,3086,450,10674,335
2022-02-25,472,3075,478,10826,326
2022-02-26,336,3013,396,10897,325
2022-02-27,371,3056,335,10906,326
2022-02-28,450,3117,385,10940,351
2022-03-01,531,3189,459,11044,355
2022-03-02,501,3203,493,11145,392
2022-03-03,458,3190,466,11229,382
2022-03-04,484,3218,453,11344,338
2022-03-05,439,3234,414,11461,297
2022-03-06,388,3255,375,11541,295
2022-03-07,476,3312,419,11543,417
2022-03-08,489,3336,475,11636,382
2022-03-09,510,3373,477,11730,383
2022-03-10,469,3389,446,11770,406
2022-03-11,503,3422,462,11791,441
2022-03-12,438,3427,428,11922,297
2022-03-13,435,3472,400,11944,378
2022-03-14,466,3518,427,11979,392
2022-03-15,541,3557,495,12076,398
2022-03-16,540,3594,497,12172,401
2022-03-17,544,3635,513,12290,395
2022-03-18,531,3670,494,12340,444
2022-03-19,409,3633,444,12437,347
2022-03-20,460,3665,422,12531,328
2022-03-21,506,3711,463,12599,395
2022-03-22,512,3736,481,12694,386
2022-03-23,512,3763,479,12753,420
2022-03-24,551,3792,513,12827,439
2022-03-25,520,3815,504,12891,440
2022-03-26,470,3841,453,12994,350
2022-03-27,396,3830,402,13031,365
2022-03-28,541,3911,460,13049,442
2022-03-29,514,3937,485,13125,409
2022-03-30,537,3939,528,13217,436
2022-03-31,549,3985,507,13278,446
2022-04-01,519,3975,526,13353,451
2022-04-02,500,3996,471,13452,372
2022-04-03,485,4028,463,13580,335
2022-04-04,550,4061,507,13646,441
2022-04-05,604,4079,581,13819,408
2022-04-06,522,4058,544,13893,470
2022-04-07,555,4120,502,13919,476
2022-04-08,559,4133,537,13996,460
2022-04-09,475,4136,479,14113,362
2022-04-10,422,4143,418,14161,370
2022-04-11,599,4226,516,14223,454
2022-04-12,542,4217,557,14272,508
2022-04-13,560,4239,540,14341,471
2022-04-14,541,4254,528,14360,509
2022-04-15,549,4323,489,14386,463
2022-04-16,475,4311,483,14493,376
2022-04-17,458,4330,449,14558,384
2022-04-18,602,4414,513,14604,467
2022-04-19,568,4451,541,14661,484
2022-04-20,573,4470,553,14726,488
2022-04-21,585,4484,561,14738,549
2022-04-22,604,4545,547,14812,473
2022-04-23,464,4505,500,14914,398
2022-04-24,472,4529,438,14940,412
2022-04-25,626,4626,522,14958,504
2022-04-26,571,4632,569,15054,473
2022-04-27,608,4665,568,15151,471
2022-04-28,603,4725,552,15246,457
2022-04-29,575,4725,579,15337,488
2022-04-30,476,4750,458,15379,416
2022-05-01,489,4782,462,15455,386
2022-05-02,608,4854,542,15492,505
2022-05-03,577,4875,560,15517,535
2022-05-04,606,4925,563,15542,538
2022-05-05,610,4955,582,15613,511
2022-05-06,561,4959,564,15645,532
2022-05-07,498,4964,496,15742,399
2022-05-08,535,5009,498,15814,426
2022-05-09,598,5061,547,15836,525
2022-05-10,625,5087,606,15934,508
2022-05-11,601,5137,560,15941,553
2022-05-12,585,5166,558,15941,558
2022-05-13,583,5178,573,15985,529
2022-05-14,463,5130,518,16096,407
2022-05-15,535,5188,485,16148,433
2022-05-16,594,5261,516,16105,559
2022-05-17,627,5296,588,16170,523
2022-05-18,610,5315,594,16232,532
2022-05-19,604,5327,582,16269,545
2022-05-20,596,5336,579,16306,542
2022-05-21,518,5346,498,16348,456
2022-05-22,506,5353,493,16395,446
2022-05-23,592,5408,533,16393,535
2022-05-24,608,5451,558,16381,570
2022-05-25,607,5489,568,16396,553
2022-05-26,607,5530,568,16386,578
2022-05-27,572,5524,570,16437,519
2022-05-28,485,5516,492,16452,477
2022-05-29,530,5568,471,16469,454
2022-05-30,572,5595,546,16456,559
2022-05-31,635,5630,590,16472,574
2022-06-01,564,5614,590,16478,584
2022-06-02,623,5671,560,16515,523
2022-06-03,617,5696,599,16563,551
2022-06-04,512,5710,506,16623,446
2022-06-05,556,5755,515,16694,444
2022-06-06,600,5793,571,16713,552
2022-06-07,578,5833,543,16694,562
2022-06-08,608,5848,593,16732,555
2022-06-09,630,5880,604,16792,544
2022-06-10,606,5907,582,16844,530
2022-06-11,506,5911,507,16920,431
2022-06-12,498,5932,476,16931,465
2022-06-13,631,6022,546,16884,593
2022-06-14,570,6041,558,16890,552
2022-06-15,625,6086,573,16881,582
2022-06-16,586,6122,557,16842,596
2022-06-17,577,6137,560,16806,596
2022-06-18,486,6177,452,16847,411
2022-06-19,456,6185,449,16853,443
2022-06-20,587,6265,514,16797,570
2022-06-21,589,6278,570,16798,569
2022-06-22,555,6306,520,16736,582
2022-06-23,557,6346,512,16682,566
2022-06-24,598,6398,551,16667,566
2022-06-25,495,6398,486,16699,454
2022-06-26,514,6408,503,16735,467
2022-06-27,584,6486,515,16696,554
2022-06-28,578,6530,540,16707,529
2022-06-29,609,6581,561,16682,586
2022-06-30,558,6581,567,16680,569
2022-07-01,565,6609,535,16683,532
2022-07-02,471,6603,472,16713,442
2022-07-03,473,6652,429,16671,471
2022-07-04,558,6699,510,16628,553
2022-07-05,535,6741,503,16615,516
2022-07-06,521,6773,485,16565,535
2022-07-07,571,6833,505,16549,521
2022-07-08,569,6856,545,16569,525
2022-07-09,442,6824,478,16607,440
2022-07-10,452,6870,404,16583,428
2022-07-11,549,6931,491,16515,559
2022-07-12,544,6967,498,16416,597
2022-07-13,580,6989,548,16435,529
2022-07-14,580,7017,550,16463,522
2022-07-15,521,7019,523,16412,574
2022-07-16,470,7038,459,16459,412
2022-07-17,472,7049,464,16480,443
2022-07-18,516,7066,494,16436,538
2022-07-19,566,7128,511,16348,599
2022-07-20,540,7143,523,16346,525
2022-07-21,587,7194,526,16310,562
2022-07-22,508,7211,494,16234,570
2022-07-23,453,7232,436,16245,425
2022-07-24,442,7268,413,16205,453
2022-07-25,533,7304,487,16164,528
2022-07-26,550,7338,513,16139,538
2022-07-27,493,7325,503,16098,544
2022-07-28,566,7385,510,16040,568
2022-07-29,497,7365,516,15979,577
2022-07-30,408,7360,418,15948,449
2022-07-31,424,7410,383,15904,427
2022-08-01,450,7436,416,15792,528
2022-08-02,542,7532,452,15690,554
2022-08-03,496,7539,488,15638,540
2022-08-04,466,7572,437,15584,491
2022-08-05,469,7607,441,15500,525
2022-08-06,389,7568,425,15520,405
2022-08-07,395,7598,368,15435,453
2022-08-08,495,7668,427,15379,483
2022-08-09,525,7717,486,15326,539
2022-08-10,475,7715,485,15291,520
2022-08-11,471,7736,454,15196,549
2022-08-12,506,7776,476,15161,511
2022-08-13,408,7762,420,15185,396
2022-08-14,429,7816,382,15186,381
2022-08-15,450,7842,429,15101,514
2022-08-16,458,7848,451,15033,519
2022-08-17,502,7892,461,14956,538
2022-08-18,452,7895,444,14907,493
2022-08-19,437,7934,389,14799,497
2022-08-20,391,7945,377,14757,419
2022-08-21,349,7947,342,14694,405
2022-08-22,457,7991,410,14631,473
2022-08-23,412,7993,407,14562,476
2022-08-24,448,8033,412,14482,492
2022-08-25,471,8073,426,14379,529
2022-08-26,465,8085,456,14354,481
2022-08-27,358,8080,362,14320,396
2022-08-28,390,8130,348,14277,391
2022-08-29,417,8150,396,14156,517
2022-08-30,434,8171,404,14083,477
2022-08-31,460,8216,414,14022,475
2022-09-01,405,8210,407,13972,457
2022-09-02,393,8235,362,13895,439
2022-09-03,315,8236,318,13849,364
2022-09-04,375,8267,338,13797,390
2022-09-05,424,8300,385,13731,451
2022-09-06,422,8352,371,13685,417
2022-09-07,398,8363,392,13631,446
2022-09-08,427,8398,392,13558,465
2022-09-09,377,8374,398,13486,470
2022-09-10,365,8409,332,13416,402
2022-09-11,328,8421,306,13331,391
2022-09-12,396,8458,360,13258,433
2022-09-13,362,8490,331,13163,426
2022-09-14,407,8510,377,13133,407
2022-09-15,349,8527,342,13010,465
2022-09-16,431,8566,391,12970,431
2022-09-17,316,8543,344,12960,354
2022-09-18,338,8568,320,12914,366
2022-09-19,402,8630,347,12857,404
2022-09-20,344,8609,359,12763,453
2022-09-21,354,8618,343,12702,404
2022-09-22,399,8655,366,12656,412
2022-09-23,380,8696,340,12529,467
2022-09-24,248,8675,270,12444,355
2022-09-25,320,8685,314,12430,328
2022-09-26,382,8731,346,12362,414
2022-09-27,363,8734,354,12316,400
2022-09-28,368,8772,337,12236,417
2022-09-29,379,8780,365,12203,398
2022-09-30,369,8813,334,12120,417
2022-10-01,293,8789,312,12092,340
2022-10-02,341,8798,326,12054,364
2022-10-03,360,8817,336,11968,422
2022-10-04,353,8828,345,11944,369
2022-10-05,346,8875,305,11843,406
2022-10-06,328,8892,308,11748,403
2022-10-07,347,8916,329,11722,355
2022-10-08,283,8878,311,11693,340
2022-10-09,304,8925,262,11620,335
2022-10-10,339,8962,294,11529,385
2022-10-11,357,8980,347,11469,407
2022-10-12,322,8997,314,11420,363
2022-10-13,337,9018,309,11351,378
2022-10-14,362,9070,317,11290,378
2022-10-15,270,9062,278,11257,311
2022-10-16,298,9094,259,11217,299
2022-10-17,357,9139,317,11108,426
2022-10-18,379,9147,363,11128,343
2022-10-19,353,9153,338,11085,381
2022-10-20,307,9163,297,11020,362
2022-10-21,311,9158,319,11003,336
2022-10-22,309,9190,276,10995,284
2022-10-23,267,9203,259,10962,292
2022-10-24,333,9243,300,10917,345
2022-10-25,362,9303,309,10876,350
2022-10-26,376,9341,347,10870,353
2022-10-27,301,9345,295,10819,346
2022-10-28,349,9377,316,10756,379
2022-10-29,267,9361,285,10739,302
2022-10-30,315,9374,292,10719,312
2022-10-31,345,9409,305,10649,375
2022-11-01,300,9399,318,10644,323
2022-11-02,298,9391,297,10556,385
2022-11-03,318,9428,284,10507,333
2022-11-04,329,9445,305,10426,386
2022-11-05,270,9440,283,10455,254
2022-11-06,279,9452,276,10441,290
2022-11-07,343,9485,306,10393,354
2022-11-08,284,9486,288,10322,359
2022-11-09,326,9529,285,10275,332
2022-11-10,323,9566,287,10228,334
2022-11-11,372,9580,349,10254,323
2022-11-12,288,9557,314,10281,287
2022-11-13,242,9567,235,10242,274
2022-11-14,353,9624,305,10206,341
2022-11-15,291,9613,303,10134,375
2022-11-16,354,9658,315,10082,367
2022-11-17,374,9670,362,10100,344
2022-11-18,373,9676,373,10121,352
2022-11-19,225,9639,263,10139,245
2022-11-20,331,9691,272,10145,266
2022-11-21,342,9714,328,10113,360
2022-11-22,367,9719,372,10123,362
2022-11-23,291,9715,303,10129,297
2022-11-24,352,9783,293,10093,329
2022-11-25,306,9747,342,10092,343
2022-11-26,292,9767,270,10082,280
2022-11-27,266,9771,254,10070,266
2022-11-28,364,9789,338,10057,351
2022-11-29,297,9805,273,10010,320
2022-11-30,321,9839,278,9946,342
2022-12-01,298,9848,299,9901,344
2022-12-02,374,9936,290,9859,332
2022-12-03,334,9920,350,9933,276
2022-12-04,291,9927,288,9956,265
2022-12-05,377,9986,327,9938,345
2022-12-06,369,10005,350,9935,353
2022-12-07,346,10029,332,9938,329
2022-12-08,344,10026,346,9934,350
2022-12-09,352,10027,360,9948,346
2022-12-10,284,10026,286,9969,265
2022-12-11,288,10024,292,9969,292
2022-12-12,387,10072,349,9971,347
2022-12-13,372,10118,332,9944,359
2022-12-14,382,10143,356,9967,333
2022-12-15,371,10154,365,9965,367
2022-12-16,473,10200,420,10037,348
2022-12-17,280,10154,332,10079,290
2022-12-18,318,10185,289,10105,263
2022-12-19,381,10228,347,10109,343
2022-12-20,360,10250,335,10097,347
2022-12-21,410,10296,368,10125,340
2022-12-22,396,10282,406,10199,332
2022-12-23,339,10257,368,10241,326
2022-12-24,328,10279,301,10247,295
2022-12-25,344,10321,296,10260,283
2022-12-26,381,10361,334,10247,347
2022-12-27,382,10391,345,10256,336
2022-12-28,433,10430,388,10257,387
2022-12-29,400,10442,385,10281,361
2022-12-30,349,10430,363,10308,336
2022-12-31,320,10428,314,10346,276
2023-01-01,345,10438,345,10426,265
2023-01-02,398,10461,366,10451,341
2023-01-03,454,10512,408,10519,340
2023-01-04,408,10508,404,10556,367
2023-01-05,415,10520,412,10575,393
2023-01-06,404,10537,386,10605,356
2023-01-07,367,10550,363,10652,316
2023-01-08,345,10563,337,10703,286
2023-01-09,422,10617,362,10707,358
2023-01-10,427,10641,404,10751,360
2023-01-11,456,10679,419,10817,353
2023-01-12,461,10703,443,10892,368
2023-01-13,407,10666,435,10956,371
2023-01-14,325,10684,305,10964,297
2023-01-15,350,10711,333,10993,304
2023-01-16,471,10765,417,11029,381
2023-01-17,465,10802,432,11067,394
2023-01-18,479,10828,448,11141,374
2023-01-19,446,10836,437,11226,352
2023-01-20,470,10834,463,11319,370
2023-01-21,409,10861,387,11377,329
2023-01-22,391,10846,402,11479,300
2023-01-23,515,10893,466,11551,394
2023-01-24,486,10900,481,11646,386
2023-01-25,420,10934,391,11611,426
2023-01-26,467,10994,413,11635,389
2023-01-27,489,11036,442,11677,400
2023-01-28,387,11016,399,11767,309
2023-01-29,429,11070,370,11807,330
2023-01-30,480,11116,425,11842,390
2023-01-31,438,11146,418,11877,383
2023-02-01,556,11212,482,11970,389
2023-02-02,476,11228,455,12026,399
2023-02-03,515,11279,473,12105,394
2023-02-04,403,11263,429,12195,339
2023-02-05,414,11285,400,12252,343
2023-02-06,515,11364,440,12275,417
2023-02-07,518,11417,471,12346,400
2023-02-08,534,11447,494,12376,464
2023-02-09,519,11488,480,12432,424
2023-02-10,518,11506,496,12542,386
2023-02-11,467,11517,461,12659,344
2023-02-12,462,11535,448,12758,349
2023-02-13,580,11606,509,12854,413
2023-02-14,504,11616,493,12921,426
2023-02-15,565,11695,496,12975,442
2023-02-16,566,11711,544,13026,493
2023-02-17,550,11717,545,13152,419
2023-02-18,458,11711,473,13292,333
2023-02-19,476,11747,442,13341,393
2023-02-20,558,11837,476,13375,442
2023-02-21,621,11883,585,13491,469
2023-02-22,577,11912,555,13594,452
2023-02-23,557,11935,528,13706,416
2023-02-24,593,11964,558,13800,464
2023-02-25,480,11938,503,13955,348
2023-02-26,537,11960,513,14113,355
2023-02-27,601,11976,583,14210,486
2023-02-28,598,12018,551,14289,472
2023-03-01,559,12039,533,14360,462
2023-03-02,556,12097,506,14408,458
2023-03-03,641,12144,586,14483,511
2023-03-04,514,12153,513,14616,380
2023-03-05,476,12158,476,14676,416
2023-03-06,582,12230,507,14704,479
2023-03-07,618,12294,553,14793,464
2023-03-08,619,12321,596,14875,514
2023-03-09,621,12334,608,14972,511
2023-03-10,597,12344,589,15060,501
2023-03-11,538,12347,542,15181,421
2023-03-12,536,12356,521,15274,428
2023-03-13,639,12419,578,15326,526
2023-03-14,606,12407,618,15440,504
2023-03-15,665,12467,601,15521,520
2023-03-16,602,12492,576,15578,519
2023-03-17,623,12533,584,15691,471
2023-03-18,536,12518,542,15788,445
2023-03-19,534,12535,527,15894,421
2023-03-20,623,12585,567,15927,534
2023-03-21,674,12655,606,16012,521
2023-03-22,666,12702,626,16106,532
2023-03-23,643,12716,633,16197,542
2023-03-24,632,12715,626,16281,542
2023-03-25,561,12715,562,16396,447
2023-03-26,534,12705,540,16503,433
2023-03-27,639,12774,561,16500,564
2023-03-28,665,12829,614,16540,574
2023-03-29,695,12843,675,16673,542
2023-03-30,696,12854,684,16745,612
2023-03-31,644,12884,620,16834,531
2023-04-01,559,12892,552,16894,492
2023-04-02,563,12919,539,17005,428
2023-04-03,652,12977,584,17048,541
2023-04-04,661,13030,618,17087,579
2023-04-05,636,13083,591,17119,559
2023-04-06,650,13128,614,17155,578
2023-04-07,658,13167,627,17220,562
2023-04-08,591,13166,582,17354,448
2023-04-09,590,13210,552,17427,479
2023-04-10,697,13307,591,17440,578
2023-04-11,661,13382,591,17472,559
2023-04-12,670,13416,631,17540,563
2023-04-13,701,13494,633,17593,580
2023-04-14,701,13546,654,17651,596
2023-04-15,607,13553,599,17775,475
2023-04-16,596,13608,546,17846,475
2023-04-17,720,13661,665,17926,585
2023-04-18,693,13675,686,18051,561
2023-04-19,750,13711,708,18198,561
2023-04-20,698,13708,693,18292,599
2023-04-21,727,13752,679,18334,637
2023-04-22,606,13758,607,18446,495
2023-04-23,585,13792,548,18510,484
2023-04-24,759,13878,670,18563,617
2023-04-25,703,13907,667,18590,640
2023-04-26,704,13957,661,18615,636
2023-04-27,709,14017,654,18678,591
2023-04-28,695,14045,666,18729,615
2023-04-29,635,14059,629,18854,504
2023-04-30,608,14047,611,18942,523
2023-05-01,706,14101,643,18957,628
2023-05-02,740,14156,690,18998,649
2023-05-03,753,14181,719,19091,626
2023-05-04,748,14209,713,19147,657
2023-05-05,706,14257,664,19160,651
2023-05-06,547,14234,576,19228,508
2023-05-07,610,14284,564,19262,530
2023-05-08,693,14357,610,19228,644
2023-05-09,673,14402,623,19219,632
2023-05-10,690,14459,635,19198,656
2023-05-11,691,14470,675,19213,660
2023-05-12,746,14526,687,19235,665
2023-05-13,608,14520,614,19321,528
2023-05-14,594,14513,591,19388,524
2023-05-15,741,14604,654,19361,681
2023-05-16,708,14620,698,19372,687
2023-05-17,693,14657,666,19418,620
2023-05-18,735,14724,677,19434,661
2023-05-19,778,14804,707,19486,655
2023-05-20,579,14752,636,19591,531
2023-05-21,561,14772,550,19639,502
2023-05-22,722,14873,625,19623,641
2023-05-23,710,14905,685,19654,654
2023-05-24,728,14961,679,19663,670
2023-05-25,731,15002,686,19690,659
2023-05-26,707,15052,663,19698,655
2023-05-27,605,15045,620,19767,551
2023-05-28,628,15078,594,19827,534
2023-05-29,685,15131,640,19832,635
2023-05-30,733,15170,686,19859,659
2023-05-31,706,15167,714,19942,631
2023-06-01,732,15204,689,19956,675
2023-06-02,637,15215,628,19931,653
2023-06-03,543,15201,559,19970,520
2023-06-04,622,15280,553,20001,522
2023-06-05,710,15360,637,19975,663
2023-06-06,709,15357,702,20011,666
2023-06-07,727,15409,682,20038,655
2023-06-08,710,15431,682,20025,695
2023-06-09,687,15416,695,20019,701
2023-06-10,596,15431,571,20077,513
2023-06-11,588,15462,566,20071,572
2023-06-12,699,15529,623,20026,668
2023-06-13,676,15545,656,20009,673
2023-06-14,646,15534,654,19942,721
2023-06-15,703,15612,625,19928,639
2023-06-16,665,15622,649,19921,656
2023-06-17,608,15638,595,19977,539
2023-06-18,585,15625,593,20040,530
2023-06-19,661,15701,590,19940,690
2023-06-20,684,15759,632,19918,654
2023-06-21,665,15766,652,19905,665
2023-06-22,689,15817,635,19875,665
2023-06-23,659,15822,658,19844,689
2023-06-24,550,15787,579,19889,534
2023-06-25,550,15808,529,19905,513
2023-06-26,620,15856,568,19812,661
2023-06-27,686,15918,633,19812,633
2023-06-28,630,15928,627,19742,697
2023-06-29,661,15962,627,19721,648
2023-06-30,707,16005,657,19703,675
2023-07-01,552,16001,553,19731,525
2023-07-02,514,16023,492,19678,545
2023-07-03,652,16126,556,19584,650
2023-07-04,628,16173,585,19480,689
2023-07-05,700,16214,664,19489,655
2023-07-06,618,16204,619,19437,671
2023-07-07,621,16235,584,19343,678
2023-07-08,540,16254,520,19353,510
2023-07-09,548,16276,528,19369,512
2023-07-10,621,16367,530,19264,635
2023-07-11,625,16382,620,19239,645
2023-07-12,596,16398,574,19186,627
2023-07-13,616,16460,561,19053,694
2023-07-14,614,16511,555,18974,634
2023-07-15,555,16516,540,19031,483
2023-07-16,543,16527,522,19005,548
2023-07-17,615,16558,575,18964,616
2023-07-18,581,16593,551,18894,621
2023-07-19,634,16645,585,18820,659
2023-07-20,603,16661,577,18711,686
2023-07-21,559,16677,546,18614,643
2023-07-22,451,16651,471,18574,511
2023-07-23,502,16672,479,18542,511
2023-07-24,570,16738,506,18414,634
2023-07-25,567,16760,542,18349,607
2023-07-26,627,16782,615,18318,646
2023-07-27,580,16804,560,18279,599
2023-07-28,596,16847,545,18234,590
2023-07-29,458,16822,483,18258,459
2023-07-30,462,16823,452,18200,510
2023-07-31,573,16867,537,18132,605
2023-08-01,564,16869,569,18072,629
2023-08-02,554,16895,528,17980,620
2023-08-03,558,16910,545,17892,633
2023-08-04,572,16957,533,17822,603
2023-08-05,513,16987,483,17793,512
2023-08-06,432,16956,455,17819,429
2023-08-07,543,16999,492,17706,605
2023-08-08,517,17004,521,17660,567
2023-08-09,563,17041,530,17594,596
2023-08-10,511,17050,504,17535,563
2023-08-11,546,17102,503,17456,582
2023-08-12,441,17069,466,17438,484
2023-08-13,451,17103,419,17411,446
2023-08-14,516,17136,473,17279,605
2023-08-15,508,17151,485,17193,571
2023-08-16,525,17176,507,17132,568
2023-08-17,510,17190,505,17048,589
2023-08-18,490,17218,464,16919,593
2023-08-19,429,17221,433,16924,428
2023-08-20,482,17295,416,16910,430
2023-08-21,493,17316,470,16798,582
2023-08-22,486,17341,464,16701,561
2023-08-23,513,17371,480,16639,542
2023-08-24,483,17411,452,16529,562
2023-08-25,497,17454,454,16382,601
2023-08-26,421,17461,414,16371,425
2023-08-27,415,17479,406,16358,419
2023-08-28,491,17517,449,16270,537
2023-08-29,475,17556,446,16159,557
2023-08-30,437,17561,429,16053,535
2023-08-31,485,17607,447,15980,520
2023-09-01,491,17580,513,15967,526
2023-09-02,361,17533,404,15944,427
2023-09-03,368,17542,351,15847,448
2023-09-04,414,17604,362,15664,545
2023-09-05,446,17621,423,15569,518
2023-09-06,406,17592,440,15459,550
2023-09-07,419,17630,384,15358,485
2023-09-08,431,17683,385,15195,548
2023-09-09,326,17675,327,15106,416
2023-09-10,334,17699,301,14974,433
2023-09-11,401,17761,349,14847,476
2023-09-12,456,17778,429,14782,494
2023-09-13,443,17796,431,14745,468
2023-09-14,413,17808,405,14636,514
2023-09-15,428,17861,381,14485,532
2023-09-16,427,17887,393,14483,395
2023-09-17,398,17867,412,14512,383
2023-09-18,434,17899,403,14452,463
2023-09-19,387,17904,386,14360,478
2023-09-20,430,17938,396,14283,473
2023-09-21,386,17955,364,14138,509
2023-09-22,388,17995,348,14014,472
2023-09-23,282,17983,291,13916,389
2023-09-24,305,18000,290,13801,405
2023-09-25,432,18059,369,13727,443
2023-09-26,404,18057,404,13670,461
2023-09-27,395,18093,351,13594,427
2023-09-28,371,18114,346,13488,452
2023-09-29,371,18135,355,13418,425
2023-09-30,321,18159,305,13374,349
2023-10-01,343,18179,327,13365,336
2023-10-02,352,18213,327,13260,432
2023-10-03,350,18242,321,13123,458
2023-10-04,393,18274,367,13021,469
2023-10-05,351,18272,361,12955,427
2023-10-06,386,18329,339,12882,412
2023-10-07,330,18325,329,12872,339
2023-10-08,315,18333,298,12800,370
2023-10-09,411,18420,329,12675,454
2023-10-10,403,18426,402,12657,420
2023-10-11,342,18417,355,12596,416
2023-10-12,366,18418,364,12531,429
2023-10-13,381,18440,358,12458,431
2023-10-14,330,18447,330,12484,304
2023-10-15,272,18440,277,12416,345
2023-10-16,313,18480,264,12236,444
2023-10-17,359,18527,308,12124,420
2023-10-18,355,18531,350,12096,378
2023-10-19,359,18552,336,12047,385
2023-10-20,391,18625,315,11934,428
2023-10-21,308,18589,345,11937,342
2023-10-22,271,18605,251,11852,336
2023-10-23,368,18691,290,11754,388
2023-10-24,366,18721,335,11699,390
2023-10-25,343,18725,345,11621,423
2023-10-26,344,18714,358,11560,419
2023-10-27,415,18793,346,11490,416
2023-10-28,328,18776,342,11488,344
2023-10-29,295,18807,269,11427,330
2023-10-30,372,18855,316,11374,369
2023-10-31,309,18864,292,11312,354
2023-11-01,367,18918,317,11288,341
2023-11-02,364,18930,342,11225,405
2023-11-03,306,18902,344,11163,406
2023-11-04,277,18910,261,11115,309
2023-11-05,264,18897,282,11103,294
2023-11-06,335,18911,321,11062,362
2023-11-07,337,18904,335,11054,343
2023-11-08,374,18934,348,10985,417
2023-11-09,346,18936,347,10945,387
2023-11-10,351,18928,353,10918,380
2023-11-11,273,18885,308,10959,267
2023-11-12,277,18911,252,10928,283
2023-11-13,309,18915,302,10854,376
2023-11-14,330,18930,308,10775,387
2023-11-15,340,18948,326,10729,372
2023-11-16,379,18973,347,10695,381
2023-11-17,339,18975,339,10669,365
2023-11-18,327,18966,329,10724,274
2023-11-19,336,18964,332,10739,317
2023-11-20,318,18984,290,10671,358
2023-11-21,342,19015,307,10637,341
2023-11-22,333,19038,313,10609,341
2023-11-23,325,19039,318,10529,398
2023-11-24,345,19086,300,10488,341
2023-11-25,313,19098,311,10529,270
2023-11-26,320,19116,311,10557,283
2023-11-27,326,19131,310,10514,353
2023-11-28,356,19136,347,10508,353
2023-11-29,327,19110,350,10491,367
2023-11-30,337,19136,316,10460,347
2023-12-01,342,19155,324,10435,349
2023-12-02,309,19171,301,10475,261
2023-12-03,313,19173,303,10474,304
2023-12-04,362,19206,327,10440,361
2023-12-05,409,19228,386,10482,344
2023-12-06,335,19235,331,10479,334
2023-12-07,368,19271,326,10473,332
2023-12-08,354,19278,353,10427,399
2023-12-09,272,19264,294,10423,298
2023-12-10,274,19310,238,10350,311
2023-12-11,378,19360,319,10360,309
2023-12-12,366,19334,385,10424,321
2023-12-13,375,19360,344,10388,380
2023-12-14,396,19362,384,10398,374
2023-12-15,421,19416,365,10419,344
2023-12-16,320,19388,346,10483,282
2023-12-17,302,19389,304,10513,274
2023-12-18,372,19435,334,10511,336
2023-12-19,354,19460,337,10496,352
2023-12-20,384,19476,361,10481,376
2023-12-21,356,19456,366,10474,373
2023-12-22,429,19492,390,10494,370
2023-12-23,331,19457,357,10572,279
2023-12-24,273,19472,268,10568,272
2023-12-25,398,19555,313,10510,371
2023-12-26,404,19588,364,10564,310
2023-12-27,390,19582,387,10564,387
2023-12-28,402,19612,376,10563,377
2023-12-29,363,19623,356,10557,362
2023-12-30,353,19645,339,10602,294
2023-12-31,298,19645,303,10598,307
2024-01-01,446,19727,371,10612,357
2024-01-02,386,19707,403,10658,357
2024-01-03,373,19717,353,10652,359
2024-01-04,409,19766,359,10686,325
2024-01-05,436,19784,415,10787,314
2024-01-06,381,19774,389,10885,291
2024-01-07,400,19788,392,11018,259
2024-01-08,447,19859,384,11024,378
2024-01-09,433,19874,420,11051,393
2024-01-10,439,19931,379,11039,391
2024-01-11,414,19917,430,11109,360
2024-01-12,391,19926,374,11096,387
2024-01-13,378,19952,360,11147,309
2024-01-14,375,19976,344,11183,308
2024-01-15,374,20000,346,11175,354
2024-01-16,448,20044,403,11210,368
2024-01-17,460,20083,412,11237,385
2024-01-18,493,20107,470,11305,402
2024-01-19,442,20108,440,11370,375
2024-01-20,457,20126,443,11500,313
2024-01-21,354,20108,365,11588,277
2024-01-22,467,20167,405,11602,391
2024-01-23,491,20181,478,11709,371
2024-01-24,407,20147,433,11736,406
2024-01-25,473,20204,426,11778,384
2024-01-26,472,20204,472,11876,374
2024-01-27,440,20181,454,11995,335
2024-01-28,428,20182,417,12104,308
2024-01-29,456,20205,434,12129,409
2024-01-30,494,20240,450,12131,448
2024-01-31,455,20273,432,12162,401
2024-02-01,509,20321,459,12215,406
2024-02-02,467,20330,468,12255,428
2024-02-03,394,20333,381,12330,306
2024-02-04,460,20382,412,12442,300
2024-02-05,501,20433,450,12453,439
2024-02-06,486,20446,473,12512,414
2024-02-07,497,20476,472,12579,405
2024-02-08,462,20489,446,12594,431
2024-02-09,505,20527,458,12642,410
2024-02-10,436,20569,402,12680,364
2024-02-11,397,20588,373,12678,375
2024-02-12,530,20645,474,12722,430
2024-02-13,515,20685,483,12824,381
2024-02-14,559,20705,544,12950,418
2024-02-15,519,20721,512,13026,436
2024-02-16,532,20725,518,13120,424
2024-02-17,478,20721,477,13258,339
2024-02-18,492,20765,448,13335,371
2024-02-19,540,20805,493,13391,437
2024-02-20,566,20859,504,13479,416
2024-02-21,583,20899,542,13563,458
2024-02-22,513,20867,548,13643,468
2024-02-23,484,20894,464,13659,448
2024-02-24,444,20936,403,13687,375
2024-02-25,499,20974,460,13760,387
2024-02-26,582,21023,541,13889,412
2024-02-27,607,21068,571,13995,465
2024-02-28,540,21056,561,14082,474
2024-02-29,593,21089,552,14166,468
2024-03-01,569,21062,591,14315,442
2024-03-02,431,21026,467,14420,362
2024-03-03,463,21054,432,14467,385
2024-03-04,550,21098,497,14509,455
2024-03-05,543,21102,534,14539,504
2024-03-06,557,21142,510,14544,505
2024-03-07,600,21219,531,14605,470
2024-03-08,550,21217,543,14651,497
2024-03-09,488,21201,497,14739,409
2024-03-10,503,21256,455,14771,423
2024-03-11,653,21356,553,14851,473
2024-03-12,571,21370,567,14919,499
2024-03-13,619,21386,598,14999,518
2024-03-14,602,21402,593,15092,500
2024-03-15,590,21450,540,15134,498
2024-03-16,489,21434,512,15224,422
2024-03-17,517,21478,474,15276,422
2024-03-18,604,21535,552,15340,488
2024-03-19,607,21559,578,15439,479
2024-03-20,555,21578,538,15457,520
2024-03-21,557,21599,534,15451,540
2024-03-22,628,21644,584,15478,557
2024-03-23,522,21633,537,15608,407
2024-03-24,524,21654,496,15673,431
2024-03-25,637,21726,572,15748,497
2024-03-26,640,21761,607,15819,536
2024-03-27,631,21811,588,15894,513
2024-03-28,568,21827,551,15918,527
2024-03-29,671,21873,616,16043,491
2024-03-30,529,21852,559,16195,407
2024-03-31,567,21869,554,16282,467
2024-04-01,693,21915,641,16383,540
2024-04-02,640,21930,628,16450,561
2024-04-03,676,21965,641,16517,574
2024-04-04,680,22011,626,16567,576
2024-04-05,651,22068,600,16624,543
2024-04-06,489,22037,529,16731,422
2024-04-07,516,22074,487,16756,462
2024-04-08,603,22141,529,16700,585
2024-04-09,625,22178,595,16725,570
2024-04-10,678,22250,604,16785,544
2024-04-11,661,22279,630,16855,560
2024-04-12,614,22284,611,16859,607
2024-04-13,557,22303,543,16931,471
2024-04-14,592,22351,534,17024,441
2024-04-15,684,22422,606,17023,607
2024-04-16,664,22450,635,17065,593
2024-04-17,643,22473,623,17129,559
2024-04-18,640,22512,605,17150,584
2024-04-19,694,22569,638,17246,542
2024-04-20,563,22563,564,17313,497
2024-04-21,566,22620,515,17338,490
2024-04-22,655,22683,588,17334,592
2024-04-23,639,22697,616,17366,584
2024-04-24,686,22758,623,17421,568
2024-04-25,673,22805,616,17425,612
2024-04-26,654,22818,645,17467,603
2024-04-27,598,22836,575,17577,465
2024-04-28,563,22854,537,17641,473
2024-04-29,677,22914,613,17640,614
2024-04-30,676,22961,625,17675,590
2024-05-01,679,22961,669,17746,598
2024-05-02,640,22974,622,17774,594
2024-05-03,652,23011,614,17755,633
2024-05-04,544,23022,531,17821,465
2024-05-05,564,23068,522,17846,497
2024-05-06,644,23120,601,17855,592
2024-05-07,660,23182,599,17857,597
2024-05-08,622,23207,596,17856,597
2024-05-09,664,23224,657,17890,623
2024-05-10,643,23249,628,17928,590
2024-05-11,500,23224,522,17952,498
2024-05-12,588,23310,511,17990,473
2024-05-13,663,23373,605,17988,607
2024-05-14,670,23413,633,18044,577
2024-05-15,673,23486,596,18067,573
2024-05-16,627,23489,631,18106,592
2024-05-17,627,23507,608,18113,601
2024-05-18,575,23549,540,18157,496
2024-05-19,557,23570,543,18195,505
2024-05-20,647,23644,573,18165,603
2024-05-21,630,23668,609,18124,650
2024-05-22,649,23719,596,18131,589
2024-05-23,629,23750,608,18126,613
2024-05-24,590,23776,556,18086,596
2024-05-25,545,23777,550,18124,512
2024-05-26,539,23792,518,18141,501
2024-05-27,651,23885,562,18080,623
2024-05-28,668,23896,652,18121,611
2024-05-29,608,23922,592,18114,599
2024-05-30,660,23964,614,18119,609
2024-05-31,618,23971,603,18137,585
2024-06-01,553,23968,559,18246,450
2024-06-02,570,24002,532,18278,500
2024-06-03,621,24088,535,18198,615
2024-06-04,597,24106,576,18163,611
2024-06-05,633,24119,619,18159,623
2024-06-06,642,24153,599,18155,603
2024-06-07,616,24169,606,18166,595
2024-06-08,512,24121,560,18275,451
2024-06-09,553,24160,510,18266,519
2024-06-10,664,24228,593,18249,610
2024-06-11,613,24239,592,18239,602
2024-06-12,605,24272,563,18168,634
2024-06-13,586,24287,578,18155,591
2024-06-14,586,24300,563,18106,612
2024-06-15,526,24308,522,18154,474
2024-06-16,534,24357,495,18154,495
2024-06-17,629,24414,565,18118,601
2024-06-18,584,24427,564,18080,602
2024-06-19,564,24449,541,18007,614
2024-06-20,604,24489,562,17952,617
2024-06-21,627,24565,552,17906,598
2024-06-22,481,24517,525,17939,492
2024-06-23,488,24557,445,17867,517
2024-06-24,588,24603,547,17835,579
2024-06-25,592,24635,566,17774,627
2024-06-26,601,24655,585,17778,581
2024-06-27,601,24690,570,17716,632
2024-06-28,592,24697,586,17735,567
2024-06-29,494,24693,491,17716,510
2024-06-30,508,24706,505,17729,492
2024-07-01,581,24753,538,17657,610
2024-07-02,562,24776,539,17622,574
2024-07-03,575,24800,555,17588,589
2024-07-04,587,24828,569,17595,562
2024-07-05,571,24851,542,17549,588
2024-07-06,463,24832,485,17561,473
2024-07-07,493,24885,448,17537,472
2024-07-08,537,24928,484,17419,602
2024-07-09,582,24991,513,17370,562
2024-07-10,549,24987,545,17346,569
2024-07-11,542,25005,530,17291,585
2024-07-12,508,25057,456,17188,559
2024-07-13,417,25058,425,17122,491
2024-07-14,473,25112,429,17067,484
2024-07-15,496,25133,482,16955,594
2024-07-16,507,25134,512,16894,573
2024-07-17,554,25197,486,16792,588
2024-07-18,536,25207,517,16692,617
2024-07-19,488,25218,479,16623,548
2024-07-20,448,25257,413,16575,461
2024-07-21,460,25275,442,16549,468
2024-07-22,531,25334,475,16476,548
2024-07-23,539,25352,513,16423,566
2024-07-24,443,25369,433,16337,519
2024-07-25,512,25398,483,16276,544
2024-07-26,505,25426,484,16192,568
2024-07-27,423,25440,410,16164,438
2024-07-28,405,25454,391,16130,425
2024-07-29,468,25482,439,16046,523
2024-07-30,480,25491,476,15957,565
2024-07-31,509,25512,491,15891,557
2024-08-01,502,25524,492,15807,576
2024-08-02,488,25513,495,15773,529
2024-08-03,390,25536,375,15696,452
2024-08-04,437,25557,420,15717,399
2024-08-05,416,25565,414,15586,545
2024-08-06,463,25627,404,15455,535
2024-08-07,438,25669,391,15330,516
2024-08-08,454,25700,417,15209,538
2024-08-09,478,25745,435,15144,500
2024-08-10,353,25706,389,15129,404
2024-08-11,444,25738,406,15128,407
2024-08-12,469,25761,452,15082,498
2024-08-13,481,25782,467,15067,482
2024-08-14,430,25803,418,14986,499
2024-08-15,401,25816,398,14886,498
2024-08-16,450,25865,408,14800,494
2024-08-17,344,25840,374,14760,414
2024-08-18,311,25865,289,14667,382
2024-08-19,379,25941,306,14489,484
2024-08-20,434,25989,376,14384,481
2024-08-21,425,25992,417,14313,488
2024-08-22,454,26022,418,14234,497
2024-08-23,381,26014,380,14104,510
2024-08-24,330,26009,344,14043,405
2024-08-25,315,26011,320,14006,357
2024-08-26,382,26042,350,13888,468
2024-08-27,395,26078,359,13767,480
2024-08-28,407,26102,381,13674,474
2024-08-29,445,26125,419,13651,442
2024-08-30,427,26163,399,13610,440
2024-08-31,355,26153,361,13615,356
2024-09-01,324,26142,327,13567,375
2024-09-02,399,26206,338,13451,454
2024-09-03,379,26202,378,13391,438
2024-09-04,370,26223,343,13257,477
2024-09-05,433,26268,397,13165,489
2024-09-06,392,26295,370,13113,422
2024-09-07,322,26297,312,13065,360
2024-09-08,291,26291,289,12987,367
2024-09-09,370,26353,315,12875,427
2024-09-10,361,26367,347,12776,446
2024-09-11,351,26380,347,12760,363
2024-09-12,343,26366,347,12729,378
2024-09-13,373,26384,352,12631,450
2024-09-14,280,26393,271,12594,308
2024-09-15,264,26376,274,12545,323
2024-09-16,369,26439,307,12388,464
2024-09-17,317,26444,317,12248,457
2024-09-18,359,26464,332,12146,434
2024-09-19,373,26462,382,12148,380
2024-09-20,332,26456,334,12047,435
2024-09-21,303,26466,286,11995,338
2024-09-22,328,26477,320,12012,303
2024-09-23,297,26504,264,11841,435
2024-09-24,337,26525,311,11753,399
2024-09-25,337,26569,301,11640,414
2024-09-26,277,26578,270,11507,403
2024-09-27,320,26601,290,11439,358
2024-09-28,265,26622,252,11403,288
2024-09-29,318,26650,291,11376,318
2024-09-30,313,26653,302,11313,365
2024-10-01,305,26634,326,11283,356
2024-10-02,337,26675,290,11190,383
2024-10-03,312,26716,278,11100,368
2024-10-04,345,26765,306,10994,412
2024-10-05,219,26713,278,10966,306
2024-10-06,250,26720,245,10906,305
2024-10-07,247,26739,227,10759,374
2024-10-08,344,26802,291,10703,347
2024-10-09,311,26808,300,10637,366
2024-10-10,348,26844,320,10588,369
2024-10-11,329,26885,295,10552,331
2024-10-12,260,26869,269,10527,294
2024-10-13,262,26865,266,10526,267
2024-10-14,325,26895,287,10444,369
2024-10-15,312,26918,293,10400,337
2024-10-16,325,26950,301,10363,338
2024-10-17,277,26941,289,10296,356
2024-10-18,309,26973,287,10268,315
2024-10-19,200,26928,239,10236,271
2024-10-20,223,26963,187,10142,281
2024-10-21,275,27005,243,10075,310
2024-10-22,256,27013,255,10001,329
2024-10-23,298,27030,291,9949,343
2024-10-24,288,27014,294,9906,337
2024-10-25,296,27058,260,9832,334
2024-10-26,245,27062,248,9771,309
2024-10-27,195,27051,207,9746,232
2024-10-28,313,27127,231,9671,306
2024-10-29,251,27116,264,9612,323
2024-10-30,282,27148,259,9497,374
2024-10-31,262,27172,232,9422,307
2024-11-01,283,27167,282,9397,307
2024-11-02,232,27179,221,9330,288
2024-11-03,245,27192,229,9290,269
2024-11-04,293,27222,264,9276,278
2024-11-05,312,27252,292,9261,307
2024-11-06,258,27232,284,9245,300
2024-11-07,260,27255,245,9206,284
2024-11-08,292,27263,285,9219,272
2024-11-09,204,27230,234,9196,257
2024-11-10,209,27245,195,9164,227
2024-11-11,277,27291,225,9096,293
2024-11-12,257,27299,255,9054,297
2024-11-13,261,27301,252,8985,321
2024-11-14,260,27327,234,8922,297
2024-11-15,246,27340,228,8849,301
2024-11-16,216,27350,203,8787,265
2024-11-17,241,27351,231,8756,262
2024-11-18,285,27382,249,8712,293
2024-11-19,290,27387,293,8720,285
2024-11-20,242,27405,223,8637,306
2024-11-21,269,27447,232,8593,276
2024-11-22,298,27457,297,8585,305
2024-11-23,259,27461,261,8641,205
2024-11-24,230,27439,252,8635,258
2024-11-25,261,27444,250,8587,298
2024-11-26,290,27469,271,8585,273
2024-11-27,235,27478,235,8540,280
2024-11-28,237,27516,206,8470,276
2024-11-29,278,27562,241,8426,285
2024-11-30,235,27569,238,8454,210
2024-12-01,248,27573,247,8493,208
2024-12-02,287,27577,285,8514,264
2024-12-03,318,27588,315,8564,265
2024-12-04,293,27595,291,8563,292
2024-12-05,228,27574,256,8518,301
2024-12-06,270,27587,247,8488,277
2024-12-07,235,27565,257,8513,232
2024-12-08,232,27575,225,8516,222
2024-12-09,271,27594,253,8500,269
2024-12-10,229,27623,202,8416,286
2024-12-11,263,27646,241,8397,260
2024-12-12,263,27665,243,8389,251
2024-12-13,271,27681,248,8349,288
2024-12-14,247,27697,226,8329,246
2024-12-15,266,27720,252,8390,191
2024-12-16,282,27757,240,8370,260
2024-12-17,319,27782,299,8423,246
2024-12-18,321,27798,297,8439,281
2024-12-19,322,27836,286,8462,263
2024-12-20,277,27856,266,8412,316
2024-12-21,270,27850,266,8429,249
2024-12-22,267,27848,275,8476,228
2024-12-23,310,27891,264,8470,270
2024-12-24,277,27910,259,8445,284
2024-12-25,307,27910,309,8414,340
2024-12-26,293,27916,295,8426,283
2024-12-27,314,27956,281,8467,240
2024-12-28,253,27928,289,8556,200
2024-12-29,317,27966,275,8572,259
2024-12-30,290,27957,289,8575,286
2024-12-31,342,27987,311,8594,292
2025-01-01,310,27991,312,8578,328
2025-01-02,304,28001,298,8612,264
2025-01-03,351,28037,312,8633,291
2025-01-04,208,28022,231,8624,240
2025-01-05,292,28078,234,8598,260
2025-01-06,339,28086,328,8639,287
2025-01-07,334,28117,304,8656,287
2025-01-08,328,28118,319,8698,277
2025-01-09,297,28108,307,8672,333
2025-01-10,358,28170,304,8682,294
2025-01-11,275,28115,326,8786,222
2025-01-12,284,28132,263,8851,198
2025-01-13,344,28151,334,8910,275
2025-01-14,373,28181,348,8954,304
2025-01-15,309,28198,299,8915,338
2025-01-16,330,28239,297,8900,312
2025-01-17,365,28289,321,8925,296
2025-01-18,311,28294,309,8995,239
2025-01-19,264,28295,269,9043,221
2025-01-20,391,28350,329,9090,282
2025-01-21,344,28357,327,9098,319
2025-01-22,356,28400,322,9123,297
2025-01-23,367,28428,337,9152,308
2025-01-24,387,28471,349,9206,295
2025-01-25,282,28443,311,9280,237
2025-01-26,326,28502,275,9295,260
2025-01-27,347,28551,296,9271,320
2025-01-28,337,28553,329,9299,301
2025-01-29,365,28584,337,9390,246
2025-01-30,371,28595,360,9455,295
2025-01-31,377,28636,343,9477,321
2025-02-01,311,28618,325,9538,264
2025-02-02,330,28667,291,9543,286
2025-02-03,402,28721,355,9559,339
2025-02-04,398,28735,374,9628,305
2025-02-05,395,28771,367,9697,298
2025-02-06,353,28779,340,9695,342
2025-02-07,384,28822,345,9693,347
2025-02-08,348,28836,333,9812,214
2025-02-09,345,28838,343,9910,245
2025-02-10,363,28855,348,9921,337
2025-02-11,387,28878,364,9940,345
2025-02-12,375,28921,341,9957,324
2025-02-13,383,28973,332,9941,348
2025-02-14,401,29022,356,9974,323
2025-02-15,349,28996,373,10072,275
2025-02-16,379,29026,341,10135,278
2025-02-17,431,29042,420,10188,367
2025-02-18,404,29056,392,10304,276
2025-02-19,399,29050,397,10338,363
2025-02-20,384,29089,344,10331,351
2025-02-21,455,29150,400,10381,350
2025-02-22,356,29138,369,10457,293
2025-02-23,337,29196,286,10451,292
2025-02-24,450,29260,380,10450,381
2025-02-25,415,29270,415,10490,375
2025-02-26,424,29329,368,10534,324
2025-02-27,421,29362,395,10558,371
2025-02-28,430,29380,411,10625,344
2025-03-01,378,29375,377,10713,289
2025-03-02,350,29359,356,10787,282
2025-03-03,407,29402,367,10809,345
2025-03-04,445,29447,390,10849,350
2025-03-05,432,29450,426,10925,350
2025-03-06,460,29464,448,11000,373
2025-03-07,425,29461,434,11052,382
2025-03-08,379,29495,343,11102,293
2025-03-09,416,29516,387,11207,282
2025-03-10,454,29551,429,11281,355
2025-03-11,455,29580,426,11351,356
2025-03-12,457,29610,434,11351,434
2025-03-13,459,29640,433,11393,391
2025-03-14,449,29664,419,11416,396
2025-03-15,385,29689,365,11454,327
2025-03-16,413,29711,382,11544,292
2025-03-17,498,29763,448,11607,385
2025-03-18,483,29771,471,11676,402
2025-03-19,448,29780,436,11718,394
2025-03-20,410,29758,429,11754,393
2025-03-21,455,29828,391,11742,403
2025-03-22,383,29833,380,11810,312
2025-03-23,373,29849,348,11812,346
2025-03-24,465,29917,390,11806,396
2025-03-25,503,29942,474,11844,436
2025-03-26,487,29966,466,11918,392
2025-03-27,483,29987,459,11967,410
2025-03-28,478,30014,456,12026,397
2025-03-29,386,30005,400,12114,312
2025-03-30,429,30041,403,12171,346
2025-03-31,483,30067,450,12192,429
2025-04-01,488,30093,469,12244,417
2025-04-02,435,30087,437,12290,391
2025-04-03,501,30128,454,12332,412
2025-04-04,485,30159,461,12404,389
2025-04-05,400,30154,400,12484,320
2025-04-06,400,30213,350,12487,347
2025-04-07,508,30278,435,12524,398
2025-04-08,476,30287,471,12597,398
2025-04-09,518,30330,477,12655,419
2025-04-10,432,30341,430,12673,412
2025-04-11,487,30368,467,12709,431
2025-04-12,395,30360,397,12792,314
2025-04-13,394,30398,366,12814,344
2025-04-14,496,30455,433,12822,425
2025-04-15,489,30467,470,12871,421
2025-04-16,488,30522,438,12893,416
2025-04-17,449,30533,436,12883,446
2025-04-18,493,30570,452,12906,429
2025-04-19,381,30571,372,12955,323
2025-04-20,421,30625,370,12948,377
2025-04-21,509,30697,428,12934,442
2025-04-22,472,30702,466,12964,436
2025-04-23,505,30740,473,12976,461
2025-04-24,513,30784,475,13018,433
2025-04-25,472,30805,446,13051,413
2025-04-26,404,30811,406,13137,320
2025-04-27,398,30819,393,13164,366
2025-04-28,481,30866,434,13138,460
2025-04-29,474,30912,437,13152,423
2025-04-30,499,30965,446,13100,498
2025-05-01,505,31016,464,13154,410
2025-05-02,508,31054,466,13195,425
2025-05-03,393,31018,427,13278,344
2025-05-04,436,31046,399,13316,361
2025-05-05,524,31112,464,13305,475
2025-05-06,530,31094,544,13400,449
2025-05-07,493,31107,478,13407,471
2025-05-08,475,31136,439,13407,439
2025-05-09,512,31166,476,13437,446
2025-05-10,466,31173,458,13515,380
2025-05-11,435,31172,432,13583,364
2025-05-12,449,31205,424,13563,444
2025-05-13,493,31262,446,13564,445
2025-05-14,526,31297,482,13594,452
2025-05-15,507,31326,481,13654,421
2025-05-16,512,31356,492,13698,448
2025-05-17,445,31393,418,13741,375
2025-05-18,386,31401,385,13747,379
2025-05-19,464,31454,408,13676,479
2025-05-20,515,31467,511,13729,458
2025-05-21,474,31483,461,13734,456
2025-05-22,507,31524,474,13741,467
2025-05-23,481,31556,447,13706,482
2025-05-24,422,31550,422,13766,362
2025-05-25,390,31560,382,13782,366
2025-05-26,466,31626,397,13738,441
2025-05-27,479,31646,462,13759,441
2025-05-28,528,31674,503,13784,478
2025-05-29,465,31669,471,13796,459
2025-05-30,472,31720,430,13707,519
2025-05-31,421,31757,393,13724,376
2025-06-01,406,31769,395,13758,361
2025-06-02,494,31797,458,13749,467
2025-06-03,476,31781,491,13793,447
2025-06-04,508,31809,473,13811,455
2025-06-05,495,31838,462,13781,492
2025-06-06,476,31836,476,13821,436
2025-06-07,383,31790,419,13866,374
2025-06-08,354,31781,369,13847,388
2025-06-09,467,31859,398,13746,499
2025-06-10,458,31853,454,13712,488
2025-06-11,475,31901,428,13718,422
2025-06-12,462,31932,441,13741,418
2025-06-13,503,31996,439,13720,460
2025-06-14,352,31951,389,13727,382
2025-06-15,411,32016,336,13678,385
2025-06-16,507,32066,456,13685,449
2025-06-17,473,32072,468,13678,475
2025-06-18,436,32077,437,13657,458
2025-06-19,456,32098,425,13604,478
2025-06-20,503,32150,448,13571,481
2025-06-21,419,32148,423,13633,361
2025-06-22,337,32150,345,13616,362
2025-06-23,417,32213,353,13521,448
2025-06-24,458,32265,413,13461,473
2025-06-25,464,32307,418,13442,437
2025-06-26,449,32341,421,13394,469
2025-06-27,419,32340,430,13393,431
2025-06-28,416,32374,382,13389,386
2025-06-29,376,32375,369,13407,351
2025-06-30,422,32441,359,13300,466
2025-07-01,421,32473,399,13290,409
2025-07-02,442,32504,407,13241,456
2025-07-03,432,32519,415,13239,417
2025-07-04,393,32547,374,13165,448
2025-07-05,392,32586,358,13142,381
2025-07-06,384,32586,389,13179,352
2025-07-07,391,32592,379,13134,424
2025-07-08,421,32618,398,13091,441
2025-07-09,406,32631,389,13020,460
2025-07-10,408,32662,381,12948,453
2025-07-11,384,32678,365,12859,454
2025-07-12,303,32663,327,12839,347
2025-07-13,315,32699,287,12752,374
2025-07-14,374,32740,324,12670,406
2025-07-15,394,32762,369,12619,420
2025-07-16,370,32765,358,12576,401
2025-07-17,382,32791,355,12514,417
2025-07-18,343,32782,351,12465,400
2025-07-19,335,32806,317,12448,334
2025-07-20,350,32849,317,12457,308
2025-07-21,396,32873,379,12395,441
2025-07-22,399,32887,389,12346,438
2025-07-23,384,32880,395,12352,389
2025-07-24,396,32907,379,12287,444
2025-07-25,351,32904,347,12232,402
2025-07-26,306,32917,285,12204,313
2025-07-27,310,32925,297,12193,308
2025-07-28,351,32942,329,12091,431
2025-07-29,349,32958,327,12022,396
2025-07-30,381,32970,372,12002,392
2025-07-31,400,32980,385,11988,399
2025-08-01,369,32979,366,11918,436
2025-08-02,303,32959,328,11921,325
2025-08-03,298,32978,284,11879,326
2025-08-04,386,33036,320,11797,402
2025-08-05,348,33049,342,11748,391
2025-08-06,383,33072,355,11721,382
2025-08-07,367,33059,371,11696,396
2025-08-08,349,33089,319,11635,380
2025-08-09,296,33091,297,11604,328
2025-08-10,286,33116,270,11530,344
2025-08-11,308,33152,276,11419,387
2025-08-12,311,33144,319,11347,391
2025-08-13,316,33143,309,11273,383
2025-08-14,282,33123,295,11181,387
2025-08-15,321,33170,280,11098,363
2025-08-16,284,33178,284,11074,308
2025-08-17,269,33200,239,11043,270
2025-08-18,325,33195,329,11025,347
2025-08-19,275,33177,291,11010,306
2025-08-20,304,33216,273,10905,378
2025-08-21,274,33224,271,10823,353
2025-08-22,313,33268,265,10745,343
2025-08-23,268,33276,270,10714,301
2025-08-24,221,33269,231,10627,318
2025-08-25,286,33307,255,10521,361
2025-08-26,287,33335,257,10449,329
2025-08-27,307,33376,272,10403,318
2025-08-28,286,33375,289,10331,361
2025-08-29,291,33402,254,10232,353
2025-08-30,235,33383,259,10252,239
2025-08-31,286,33439,240,10206,286
2025-09-01,302,33489,252,10106,352
2025-09-02,244,33466,258,10016,348
2025-09-03,269,33498,244,9941,319
2025-09-04,317,33529,286,9881,346
2025-09-05,233,33534,226,9733,374
2025-09-06,250,33566,220,9716,237
2025-09-07,201,33582,194,9655,255
2025-09-08,309,33617,273,9609,319
2025-09-09,254,33601,275,9558,326
2025-09-10,290,33638,252,9486,324
2025-09-11,292,33630,296,9441,341
2025-09-12,292,33644,268,9379,330
2025-09-13,174,33609,214,9323,270
2025-09-14,221,33655,175,9220,278
2025-09-15,303,33678,274,9227,267
2025-09-16,264,33676,268,9191,304
2025-09-17,231,33651,265,9146,310
2025-09-18,274,33681,235,9047,334
2025-09-19,282,33697,265,9013,299
2025-09-20,205,33685,213,8976,250
2025-09-21,233,33707,204,8917,263
2025-09-22,250,33710,240,8830,327
2025-09-23,253,33735,229,8764,295
2025-09-24,230,33742,222,8703,283
2025-09-25,240,33777,212,8584,331
2025-09-26,233,33789,226,8517,293
2025-09-27,202,33795,198,8478,237
2025-09-28,220,33803,220,8489,209
2025-09-29,213,33825,191,8389,291
2025-09-30,256,33882,206,8274,321
2025-10-01,265,33889,250,8272,252
2025-10-02,258,33935,216,8196,292
2025-10-03,248,33965,223,8171,248
2025-10-04,200,33957,217,8167,221
2025-10-05,221,33962,216,8121,262
2025-10-06,244,34017,193,8049,265
2025-10-07,231,34007,236,8000,285
2025-10-08,224,34011,228,7953,275
2025-10-09,236,34016,231,7950,234
2025-10-10,218,34022,211,7914,247
2025-10-11,186,34045,170,7855,229
2025-10-12,206,34040,203,7865,193
2025-10-13,262,34098,207,7827,245
2025-10-14,202,34090,207,7758,276
2025-10-15,255,34128,222,7751,229
2025-10-16,246,34124,250,7776,225
2025-10-17,204,34095,225,7696,305
2025-10-18,154,34108,150,7635,211
2025-10-19,160,34133,127,7554,208
2025-10-20,220,34165,196,7473,277
2025-10-21,196,34152,203,7425,251
2025-10-22,196,34168,189,7377,237
2025-10-23,207,34196,187,7332,232
2025-10-24,225,34239,185,7280,237
2025-10-25,126,34200,174,7258,196
2025-10-26,205,34234,165,7222,201
2025-10-27,205,34203,226,7236,212
2025-10-28,198,34239,163,7144,255
2025-10-29,224,34252,219,7119,244
2025-10-30,194,34246,202,7100,221
2025-10-31,225,34260,205,7055,250
2025-11-01,187,34244,204,7061,198
2025-11-02,165,34217,186,7056,191
2025-11-03,245,34250,206,7030,232
2025-11-04,180,34271,151,6922,259
2025-11-05,238,34287,226,6892,256
2025-11-06,184,34263,212,6885,219
2025-11-07,176,34275,168,6833,220
2025-11-08,188,34296,172,6819,186
2025-11-09,186,34320,168,6808,179
2025-11-10,264,34355,220,6802,226
2025-11-11,172,34335,185,6804,183
2025-11-12,177,34331,187,6747,244
2025-11-13,279,34384,224,6753,218
2025-11-14,210,34371,228,6760,221
2025-11-15,150,34366,147,6734,173
2025-11-16,147,34391,122,6687,169
2025-11-17,204,34426,173,6658,202
2025-11-18,206,34438,193,6649,202
2025-11-19,207,34454,200,6626,223
2025-11-20,168,34459,168,6575,219
2025-11-21,180,34481,157,6501,231
2025-11-22,144,34484,147,6464,184
2025-11-23,216,34506,192,6470,186
2025-11-24,225,34512,212,6468,214
2025-11-25,166,34514,158,6420,206
2025-11-26,190,34518,183,6357,246
2025-11-27,166,34507,168,6317,208
2025-11-28,220,34510,211,6279,249
2025-11-29,201,34538,176,6283,172
2025-11-30,161,34548,147,6249,181
2025-12-01,171,34565,145,6206,188
2025-12-02,181,34573,175,6165,216
2025-12-03,186,34589,177,6132,210
2025-12-04,253,34641,207,6124,215
2025-12-05,218,34646,217,6149,192
2025-12-06,198,34679,158,6150,157
2025-12-07,215,34710,187,6193,144
2025-12-08,195,34708,190,6160,223
2025-12-09,218,34712,218,6167,211
2025-12-10,178,34705,181,6168,180
2025-12-11,183,34714,169,6131,206
2025-12-12,225,34738,204,6129,206
2025-12-13,198,34739,201,6183,147
2025-12-14,221,34768,201,6211,173
2025-12-15,274,34777,261,6237,235
2025-12-16,214,34778,222,6260,199
2025-12-17,251,34798,241,6339,162
2025-12-18,201,34771,226,6371,194
2025-12-19,218,34759,222,6409,184
2025-12-20,151,34746,164,6378,195
2025-12-21,193,34743,194,6396,176
2025-12-22,208,34760,189,6364,221
2025-12-23,237,34773,220,6380,204
2025-12-24,224,34792,208,6374,214
2025-12-25,242,34794,244,6406,212
2025-12-26,225,34780,237,6417,226
2025-12-27,202,34790,197,6423,191
2025-12-28,231,34790,229,6490,162
2025-12-29,253,34802,243,6537,196
2025-12-30,228,34792,241,6567,211
2025-12-31,210,34775,219,6567,219
2026-01-01,244,34778,246,6603,210
2026-01-02,269,34789,259,6649,213
2026-01-03,228,34748,279,6724,204
2026-01-04,237,34753,232,6754,202
2026-01-05,264,34769,243,6799,198
2026-01-06,191,34763,193,6770,222
2026-01-07,277,34794,251,6775,246
2026-01-08,286,34797,279,6819,235
2026-01-09,269,34814,257,6874,202
2026-01-10,185,34787,222,6918,178
2026-01-11,249,34804,222,6971,169
2026-01-12,270,34815,250,6999,222
2026-01-13,273,34848,247,7031,215
2026-01-14,284,34843,281,7066,246
2026-01-15,270,34871,251,7099,218
2026-01-16,305,34886,284,7117,266
2026-01-17,231,34842,268,7213,172
2026-01-18,215,34853,212,7195,230
2026-01-19,291,34888,265,7201,259
2026-01-20,283,34876,298,7277,222
2026-01-21,317,34898,288,7341,224
2026-01-22,311,34909,294,7411,224
2026-01-23,338,34930,312,7469,254
2026-01-24,232,34892,264,7530,203
2026-01-25,225,34904,210,7527,213
2026-01-26,292,34937,252,7519,260
2026-01-27,253,34948,247,7506,260
2026-01-28,291,34967,264,7526,244
2026-01-29,258,34979,251,7495,282
2026-01-30,286,35023,252,7499,248
2026-01-31,276,35024,266,7549,216
2026-02-01,218,35038,213,7530,232
2026-02-02,287,35064,251,7547,234
2026-02-03,284,35087,267,7533,281
2026-02-04,296,35084,305,7630,208
2026-02-05,311,35076,315,7691,254
2026-02-06,321,35094,308,7770,229
2026-02-07,245,35071,259,7800,229
2026-02-08,269,35099,250,7824,226
2026-02-09,325,35150,265,7821,268
2026-02-10,317,35162,295,7856,260
2026-02-11,302,35169,292,7889,259
2026-02-12,283,35182,270,7883,276
2026-02-13,319,35201,297,7889,291
2026-02-14,294,35194,298,7987,200
2026-02-15,301,35194,292,8054,225
2026-02-16,314,35202,308,8102,260
2026-02-17,305,35199,304,8171,235
2026-02-18,276,35209,274,8161,284
2026-02-19,341,35250,304,8203,262
2026-02-20,334,35291,302,8195,310
2026-02-21,305,35283,322,8273,244
2026-02-22,264,35296,254,8307,220
2026-02-23,354,35355,291,8351,247
2026-02-24,311,35357,306,8345,312
2026-02-25,339,35365,328,8372,301
2026-02-26,320,35353,322,8392,302
2026-02-27,336,35379,315,8428,279
2026-02-28,262,35373,261,8451,238
2026-03-01,275,35396,259,8480,230
2026-03-02,309,35434,272,8460,292
2026-03-03,339,35433,332,8479,313
2026-03-04,355,35456,340,8516,303
2026-03-05,353,35481,332,8573,275
2026-03-06,357,35505,334,8632,275
2026-03-07,274,35497,272,8665,239
2026-03-08,295,35500,283,8724,224
2026-03-09,347,35521,335,8801,258
2026-03-10,349,35538,332,8846,287
2026-03-11,362,35567,334,8876,304
2026-03-12,356,35598,326,8883,319
2026-03-13,342,35587,345,8962,266
2026-03-14,295,35584,305,9010,257
2026-03-15,334,35612,314,9058,266
2026-03-16,342,35632,322,9110,270
2026-03-17,360,35650,345,9151,304
2026-03-18,382,35693,345,9170,326
2026-03-19,388,35737,351,9224,297
2026-03-20,348,35738,339,9227,336
2026-03-21,339,35715,354,9293,288
2026-03-22,346,35737,317,9309,301
2026-03-23,387,35759,359,9396,272
2026-03-24,383,35797,344,9428,312
2026-03-25,350,35786,355,9487,296
2026-03-26,389,35816,355,9528,314
2026-03-27,433,35839,407,9603,332
2026-03-28,301,35828,322,9642,283
2026-03-29,315,35868,283,9676,249
2026-03-30,363,35927,312,9670,318
2026-03-31,421,35944,399,9741,328
2026-04-01,375,35947,363,9765,339
2026-04-02,405,35963,384,9830,319
2026-04-03,384,35980,362,9865,327
2026-04-04,355,36002,327,9919,273
2026-04-05,346,36001,351,10002,268
2026-04-06,397,36037,368,10042,328
2026-04-07,363,36039,365,10072,335
2026-04-08,385,36068,355,10086,341
2026-04-09,405,36076,401,10163,324
2026-04-10,415,36112,386,10190,359
2026-04-11,337,36106,342,10277,255
2026-04-12,383,36155,342,10358,261
2026-04-13,366,36172,349,10404,303
2026-04-14,390,36214,339,10378,365
2026-04-15,431,36253,389,10400,367
2026-04-16,397,36250,391,10452,339
2026-04-17,398,36295,351,10458,345
2026-04-18,349,36294,354,10550,262
2026-04-19,290,36278,311,10578,283
2026-04-20,396,36308,357,10564,371
2026-04-21,398,36313,394,10572,386
2026-04-22,409,36337,386,10636,322
2026-04-23,468,36381,428,10713,351
2026-04-24,411,36402,394,10756,351
2026-04-25,394,36404,395,10863,288
2026-04-26,371,36392,375,10932,306
2026-04-27,431,36417,406,10973,365
2026-04-28,473,36442,450,11037,386
2026-04-29,429,36442,436,11113,360
2026-04-30,384,36435,385,11113,385
2026-05-01,461,36489,406,11124,395
2026-05-02,363,36491,368,11191,301
2026-05-03,335,36495,330,11228,293
2026-05-04,463,36576,387,11217,398
2026-05-05,443,36604,425,11253,389
2026-05-06,418,36607,413,11341,325
2026-05-07,421,36646,387,11358,370
2026-05-08,372,36670,358,11356,360
2026-05-09,291,36659,310,11375,291
2026-05-10,373,36714,326,11376,325
2026-05-11,426,36744,391,11393,374
2026-05-12,441,36777,418,11413,398
2026-05-13,406,36782,393,11399,407
2026-05-14,376,36788,365,11379,385
2026-05-15,385,36804,369,11351,397
2026-05-16,371,36837,337,11384,304
2026-05-17,392,36877,353,11409,328
2026-05-18,420,36916,387,11420,376
2026-05-19,460,36977,394,11407,407
2026-05-20,429,36980,423,11430,400
2026-05-21,379,37009,356,11413,373
2026-05-22,440,37065,377,11446,344
2026-05-23,380,37048,387,11515,318
2026-05-24,331,37047,333,11521,327
2026-05-25,437,37088,396,11532,385
2026-05-26,426,37088,419,11557,394
2026-05-27,464,37112,434,11592,399
2026-05-28,433,37085,463,11679,376
2026-05-29,374,37064,398,11669,408
2026-05-30,362,37083,349,11720,298
2026-05-31,334,37086,330,11735,315
2026-06-01,392,37141,330,11659,406
2026-06-02,404,37159,387,11662,384
2026-06-03,426,37185,398,11651,409
2026-06-04,404,37198,400,11640,411
2026-06-05,412,37195,408,11643,405
2026-06-06,308,37197,305,11638,310
2026-06-07,366,37204,349,11662,325
2026-06-08,407,37240,376,11624,414
2026-06-09,385,37241,388,11626,386
2026-06-10,396,37247,393,11677,342
2026-06-11,410,37255,395,11679,393
2026-06-12,384,37288,356,11638,397
2026-06-13,345,37322,318,11641,315
2026-06-14,331,37353,304,11628,317
2026-06-15,385,37403,339,11574,393
2026-06-16,427,37416,406,11594,386
2026-06-17,436,37459,394,11568,420
2026-06-18,482,37511,434,11613,389
2026-06-19,361,37483,382,11593,402
2026-06-20,356,37500,334,11617,310
2026-06-21,398,37519,379,11669,327
2026-06-22,441,37569,394,11663,400
2026-06-23,391,37592,376,11676,363
2026-06-24,370,37593,370,11700,346
2026-06-25,358,37606,347,11631,416
2026-06-26,388,37619,368,11591,408
2026-06-27,329,37608,350,11622,319
2026-06-28,326,37631,308,11652,278
2026-06-29,358,37699,292,11567,377
2026-06-30,372,37722,341,11493,415
2026-07-01,368,37760,335,11439,389
2026-07-02,367,37786,339,11414,364
2026-07-03,338,37807,324,11402,336
2026-07-04,304,37788,316,11404,314
2026-07-05,304,37797,297,11396,305
2026-07-06,380,37832,344,11331,409
2026-07-07,387,37863,359,11289,401
2026-07-08,404,37902,370,11279,380
2026-07-09,353,37930,333,11259,353
2026-07-10,378,37953,353,11229,383
2026-07-11,247,37928,281,11220,290
2026-07-12,274,37961,249,11157,312
2026-07-13,413,38024,351,11124,384
2026-07-14,335,38014,347,11126,345
2026-07-15,383,38044,354,11112,368
2026-07-16,367,38056,354,11079,387
2026-07-17,315,38064,299,11000,378
2026-07-18,295,38054,296,10976,320
2026-07-19,254,38054,262,10961,277
2026-07-20,353,38080,317,10907,371
2026-07-21,378,38111,349,10894,362
2026-07-22,363,38143,327,10853,368
2026-07-23,336,38136,343,10823,373
2026-07-24,367,38166,347,10809,361
2026-07-25,319,38194,298,10810,297
2026-07-26,312,38210,293,10785,318
2026-07-27,299,38256,261,10669,377